created,email,firstname,lastname,uid
2020-11-17,herbert2000@gmail.com,Herbert,Bowers,1005
2020-11-17,Av_1980@firstcompany.com,Carl,Avery,1006
2020-11-17,RobertB@yahoo.com,Robert,Benjamin,1007
2020-11-17,123test@tdsb.com,Timothy,Jensen,1009
2020-11-17,tester2@coinsquare.com,,Bakers,1012
2020-11-17,developergroup@bsmtech.com,Kitto,Herle,1013
2020-11-17,myemail@yahoo.com@gmail.com,Gwalather,Polkinghorne,1014
2020-11-17,Loi2000@gmail.com,Loi,Trewavas,1018
2020-11-17,Fr.Rest@gmail.com,Frioc,Restarick,1019
2020-11-17,MoGreen2020@gmail.com,Morhaedo,Green,1020
2020-10-17,,Pete,Bass,1002
2020-10-17,,Nelson,Douglas,1003
2020-10-17,,Guy,Mann,1004
2020-10-17,Lindsay.Russel@goldcompany.org,Russell,Lindsay,1008
2020-10-17,,Cameron,McGowan,1010
2020-10-17,test1@conisquer.io,1,1,1011
2020-10-17,123,Guriant,Rundle,1015
2020-10-17,CTre@fcon.edu,Comuyre,Trewhella,1016
2020-10-17,GJose@utoronto.edu,Gurguistl,Jose,1017
